"Ministry of Justice",justice
"Department of Energy and Climate Change",decc
"Cabinet Office",co
"Home Office",ho
"HM Treasury",hmt
"Ordnance Survey",os
"Department of Health",dh
"Office of the Advocate General for Scotland",oags
"Department for Business Innovation and Skills",bis
"Treasury Solicitors",treasury-solicitors
"Department for Work and Pensions",dwp
"Department for Education",dfe
"Department for Transport",dft
"Attorney General's Office",attorney-general
"Forestry Commission",fc
"Department for Culture, Media and Sport",dcms
"Ministry of Defence",mod
"Department for Communities and Local Government",dclg
"Scotland Office",so
"Crown Prosecution Service",cps
"Department for Environment, Food and Rural Affairs",defra
